,Benzene,Toluene,Ethylbenzene,O-xylene,M-xylene,P-xylene
0,487.7212829589844,7.391482353210449,0.0,5.144043445587158,3.924809455871582,3.3554210662841797
1,78.11752319335938,1.106561541557312,0.17161953449249268,0.8437325954437256,0.7184626460075378,0.564515233039856
2,375.217041015625,5.300079822540283,0.0,4.370246887207031,8.361947059631348,3.755544900894165
3,1094.656494140625,24.562538146972656,0.0,18.625272750854492,9.257675170898438,8.133068084716797
4,3.123676061630249,0.052343543618917465,0.014916917309165001,0.014176611788570881,0.009174235165119171,0.016992293298244476
