,Benzene,Toluene,Ethylbenzene,O-xylene,M-xylene,P-xylene
0,38.19718551635742,0.4401988089084625,0.0,0.21130193769931793,0.22252178192138672,0.19683662056922913
1,3.7764039039611816,0.05436171218752861,0.0,0.020860353484749794,0.0228273905813694,0.020851917564868927
2,58.98319625854492,0.9544994235038757,0.0,0.8864548206329346,0.5195366740226746,0.44856950640678406
3,1840.593994140625,30.165512084960938,0.0,8.401078224182129,5.046075344085693,9.164247512817383
4,64.62303161621094,1.0141589641571045,0.1355661153793335,0.32680270075798035,0.22319573163986206,0.36052143573760986
