,Benzene,Toluene,Ethylbenzene,O-xylene,M-xylene,P-xylene
0,420.79736328125,6.411614894866943,0.0,5.619211673736572,4.077889919281006,3.8072526454925537
1,37.385284423828125,0.6508545875549316,0.0,0.33715757727622986,0.4537336528301239,0.6904963850975037
2,317.4619445800781,5.159955024719238,0.0,3.3750979900360107,3.2363057136535645,3.19732666015625
3,1148.0733642578125,25.75994110107422,0.0,19.586030960083008,9.668641090393066,8.556879043579102
4,3.3235580921173096,0.05518922954797745,0.01640731655061245,0.014558060094714165,0.00955195166170597,0.01804075390100479
