,Benzene,Toluene,Ethylbenzene,O-xylene,M-xylene,P-xylene
0,60.83055877685547,0.9137148261070251,0.0,0.8141123056411743,0.6004312634468079,0.5482227802276611
1,9.486187934875488,0.14523470401763916,0.0,0.13239559531211853,0.10091076046228409,0.08641985803842545
2,63.80614471435547,1.068942904472351,0.0,1.0295119285583496,0.5727547407150269,0.47642654180526733
3,1840.968017578125,30.139490127563477,0.0,8.425130844116211,5.020659923553467,9.190471649169922
4,64.6305923461914,1.0165117979049683,0.1359027773141861,0.32935473322868347,0.22368957102298737,0.3584575951099396
