,Benzene,Toluene,Ethylbenzene,O-xylene,M-xylene,P-xylene
0,40.574214935302734,0.4641842544078827,0.0,0.22334329783916473,0.23411110043525696,0.20746275782585144
1,3.9839444160461426,0.057130780071020126,0.0,0.021982096135616302,0.0240588691085577,0.021868735551834106
2,62.137508392333984,1.0055475234985352,0.0,0.9368135333061218,0.5480108857154846,0.4734154939651489
3,1943.131103515625,31.882572174072266,0.0,8.864013671875,5.273855686187744,9.695052146911621
4,68.34251403808594,1.0775108337402344,0.14196984469890594,0.3479802906513214,0.23540280759334564,0.37984800338745117
