,Benzene,Toluene,Ethylbenzene,O-xylene,M-xylene,P-xylene
0,74.098876953125,1.1286563873291016,0.0,0.9886165857315063,0.7208707928657532,0.6720544695854187
1,6.6914238929748535,0.11646738648414612,0.0,0.060033343732357025,0.08047643303871155,0.12272842973470688
2,116.27189636230469,1.8856019973754883,0.0,1.2287410497665405,1.173939824104309,1.164980411529541
3,2692.55712890625,60.420928955078125,0.0,45.87600326538086,22.748929977416992,20.007034301757812
4,96.0035629272461,1.5947929620742798,0.4529152512550354,0.4279548227787018,0.27725309133529663,0.5208790302276611
