,Benzene,Toluene,Ethylbenzene,O-xylene,M-xylene,P-xylene
0,461.8696594238281,7.0039286613464355,0.0,4.878030776977539,3.7114145755767822,3.1777591705322266
1,73.91398620605469,1.0469778776168823,0.1617809385061264,0.7970079183578491,0.6816054582595825,0.534747302532196
2,354.5338134765625,5.026063442230225,0.0,4.133398056030273,7.915761947631836,3.5615179538726807
3,1037.0511474609375,23.20257568359375,0.0,17.7198429107666,8.721661567687988,7.710923671722412
4,3.0749354362487793,0.049410946667194366,0.01421732921153307,0.014029469341039658,0.008586881682276726,0.016638237982988358
