,Benzene,Toluene,Ethylbenzene,O-xylene,M-xylene,P-xylene
0,69.2165298461914,1.0437572002410889,0.0,0.9266319870948792,0.6880415678024292,0.6245940923690796
1,10.904047012329102,0.1645800620317459,0.0,0.15086254477500916,0.11477024853229523,0.09838429093360901
2,72.92446899414062,1.2198312282562256,0.0,1.1754168272018433,0.6508730053901672,0.5434572696685791
3,2105.382080078125,34.35942077636719,0.0,9.613787651062012,5.714467525482178,10.456089973449707
4,73.85803985595703,1.155104637145996,0.15831807255744934,0.3754412531852722,0.25604093074798584,0.4118484556674957
