,Benzene,Toluene,Ethylbenzene,O-xylene,M-xylene,P-xylene
0,236.46510314941406,2.7266972064971924,0.0,1.310925006866455,1.3749417066574097,1.2146275043487549
1,23.07432746887207,0.33114781975746155,0.0,0.12760791182518005,0.1397966593503952,0.1270768791437149
2,177.54098510742188,2.8693795204162598,0.0,2.6646032333374023,1.556967854499817,1.3475782871246338
3,850.9503784179688,14.001304626464844,0.0,3.9261858463287354,2.327787399291992,4.2443366050720215
4,2.4404995441436768,0.037961266934871674,0.004926285240799189,0.01231344137340784,0.008253464475274086,0.013305509462952614
