,Benzene,Toluene,Ethylbenzene,O-xylene,M-xylene,P-xylene
0,247.3565673828125,2.857682943344116,0.0,1.3719638586044312,1.4406057596206665,1.2695083618164062
1,24.155261993408203,0.3489169180393219,0.0,0.13357225060462952,0.14643977582454681,0.13334760069847107
2,186.3500213623047,3.0031814575195312,0.0,2.794325351715088,1.6320452690124512,1.4119397401809692
3,896.943359375,14.690476417541504,0.0,4.108092784881592,2.423957347869873,4.501280307769775
4,2.4922943115234375,0.040520258247852325,0.00562081765383482,0.012852373532950878,0.00868924055248499,0.014567654579877853
