,Benzene,Toluene,Ethylbenzene,O-xylene,M-xylene,P-xylene
0,511.93798828125,7.76765775680542,0.0,5.395341873168945,4.117056846618652,3.524360179901123
1,81.87618255615234,1.1618049144744873,0.1772308051586151,0.8841105699539185,0.7582250237464905,0.5937590003013611
2,395.1154479980469,5.5694355964660645,0.0,4.585514545440674,8.776309967041016,3.9425761699676514
3,1148.7156982421875,25.83274269104004,0.0,19.659229278564453,9.641071319580078,8.547501564025879
4,3.284038782119751,0.055866263806819916,0.014798006042838097,0.014865575358271599,0.009543506428599358,0.018031394109129906
