,Benzene,Toluene,Ethylbenzene,O-xylene,M-xylene,P-xylene
0,78.9173355102539,1.2012927532196045,0.0,0.8337544798851013,0.6348747611045837,0.5433891415596008
1,12.787549018859863,0.18131378293037415,0.028077274560928345,0.1385742872953415,0.11834470927715302,0.09265599399805069
2,125.50062561035156,1.7667440176010132,0.0,1.45767343044281,2.7786483764648438,1.2526811361312866
3,2356.907958984375,52.934024810791016,0.0,40.29129409790039,19.89445686340332,17.533105850219727
4,84.0083999633789,1.3968676328659058,0.3991985023021698,0.3708924949169159,0.2425389140844345,0.4574449062347412
