,Benzene,Toluene,Ethylbenzene,O-xylene,M-xylene,P-xylene
0,68.67283630371094,1.0440962314605713,0.0,0.9126478433609009,0.6660438179969788,0.6197667717933655
1,6.1568074226379395,0.10753439366817474,0.0,0.05576212331652641,0.07492952048778534,0.11350049823522568
2,106.62413787841797,1.7366732358932495,0.0,1.131888747215271,1.084338903427124,1.079021692276001
3,2488.290283203125,55.8608283996582,0.0,42.38010787963867,20.980636596679688,18.518848419189453
4,89.23900604248047,1.481069803237915,0.4188726246356964,0.3897567093372345,0.25664886832237244,0.48151281476020813
