,Benzene,Toluene,Ethylbenzene,O-xylene,M-xylene,P-xylene
0,83.48711395263672,1.2654919624328613,0.0,0.8819894194602966,0.6704737544059753,0.5737023949623108
1,13.501533508300781,0.19154205918312073,0.029664171859622,0.1461128145456314,0.12651053071022034,0.09748341143131256
2,132.00733947753906,1.864825963973999,0.0,1.5424364805221558,2.920051336288452,1.3179961442947388
3,2489.734619140625,55.88824462890625,0.0,42.37007522583008,20.992780685424805,18.467390060424805
4,88.47810363769531,1.471308946609497,0.41535714268684387,0.39195317029953003,0.2568814754486084,0.48159998655319214
