,Benzene,Toluene,Ethylbenzene,O-xylene,M-xylene,P-xylene
0,379.9687805175781,5.766138553619385,0.0,5.074516296386719,3.691993474960327,3.4326424598693848
1,33.72700500488281,0.5878773331642151,0.0,0.3040187954902649,0.40863168239593506,0.6242091059684753
2,289.1529846191406,4.654078006744385,0.0,3.050511360168457,2.921515464782715,2.8891847133636475
3,1036.0614013671875,23.211503982543945,0.0,17.703311920166016,8.75135326385498,7.699239730834961
4,3.001056432723999,0.04949149861931801,0.014595440588891506,0.013353305868804455,0.008686442859470844,0.016575133427977562
