,Benzene,Toluene,Ethylbenzene,O-xylene,M-xylene,P-xylene
0,224.11221313476562,2.5640323162078857,0.0,1.2405657768249512,1.298678994178772,1.148045301437378
1,21.818086624145508,0.31523630023002625,0.0,0.12045864015817642,0.13263821601867676,0.120338574051857
2,167.61904907226562,2.7097654342651367,0.0,2.521139621734619,1.4724167585372925,1.276011347770691
3,809.7687377929688,13.248418807983398,0.0,3.7013156414031982,2.199148416519165,4.020595550537109
4,2.2983498573303223,0.03711555153131485,0.004619456361979246,0.011473886668682098,0.008171414025127888,0.012573394924402237
