,Benzene,Toluene,Ethylbenzene,O-xylene,M-xylene,P-xylene
0,90.38592529296875,1.3695987462997437,0.0,0.9563305377960205,0.7247704267501831,0.6206732988357544
1,14.615265846252441,0.20717701315879822,0.03262551501393318,0.1574767827987671,0.13629303872585297,0.10583924502134323
2,143.23048400878906,2.020298957824707,0.0,1.6641982793807983,3.1668598651885986,1.42893648147583
3,2692.80078125,60.49453353881836,0.0,45.85118865966797,22.667016983032227,20.0352840423584
4,96.2320785522461,1.5941786766052246,0.45104748010635376,0.42755383253097534,0.27616754174232483,0.5206893682479858
