,Benzene,Toluene,Ethylbenzene,O-xylene,M-xylene,P-xylene
0,394.2844543457031,5.920047283172607,0.0,5.263174533843994,3.9004733562469482,3.5475807189941406
1,60.87755584716797,0.926182210445404,0.0,0.8528032302856445,0.6461412906646729,0.5522216558456421
2,201.23629760742188,3.3567593097686768,0.0,3.233670949935913,1.7948657274246216,1.497565746307373
3,894.8609619140625,14.71806812286377,0.0,4.1112871170043945,2.4408726692199707,4.472994327545166
4,2.535336494445801,0.03927706554532051,0.005155791528522968,0.013039134442806244,0.009276856668293476,0.01473912876099348
