,Benzene,Toluene,Ethylbenzene,O-xylene,M-xylene,P-xylene
0,375.1690979003906,5.638914108276367,0.0,5.011430740356445,3.71122670173645,3.3791661262512207
1,58.05759048461914,0.8838002681732178,0.0,0.8098298907279968,0.6161410212516785,0.5285862684249878
2,191.79067993164062,3.203795909881592,0.0,3.0893049240112305,1.7089440822601318,1.435276746749878
3,855.6513061523438,14.047401428222656,0.0,3.9422266483306885,2.3398046493530273,4.264309406280518
4,2.369483232498169,0.03789658844470978,0.005352403968572617,0.012576926499605179,0.008161663077771664,0.013403325341641903
