,Benzene,Toluene,Ethylbenzene,O-xylene,M-xylene,P-xylene
0,64.99723815917969,0.9884821772575378,0.0,0.8663033246994019,0.6297261118888855,0.5865407586097717
1,5.769402503967285,0.10189324617385864,0.0,0.052814316004514694,0.0706404522061348,0.10834997147321701
2,101.71199035644531,1.6400947570800781,0.0,1.0750640630722046,1.0287234783172607,1.0191755294799805
3,2358.39501953125,52.87630844116211,0.0,40.19477081298828,19.815645217895508,17.532217025756836
4,84.35216522216797,1.3937160968780518,0.39938244223594666,0.3695581555366516,0.24240830540657043,0.4554080367088318
