,Benzene,Toluene,Ethylbenzene,O-xylene,M-xylene,P-xylene
0,64.36392211914062,0.9647371768951416,0.0,0.8573931455612183,0.6335840225219727,0.5782586336135864
1,10.100046157836914,0.15263772010803223,0.0,0.14002086222171783,0.10654646903276443,0.0916886180639267
2,67.52970123291016,1.1263185739517212,0.0,1.0827637910842896,0.6011038422584534,0.5046403408050537
3,1945.2545166015625,31.896621704101562,0.0,8.888240814208984,5.321926593780518,9.718398094177246
4,67.99906158447266,1.069887638092041,0.14244793355464935,0.3461540639400482,0.23452937602996826,0.3799227774143219
