,Benzene,Toluene,Ethylbenzene,O-xylene,M-xylene,P-xylene
0,400.28173828125,6.105541706085205,0.0,5.357210159301758,3.8915915489196777,3.624140739440918
1,35.68600082397461,0.6228753328323364,0.0,0.32108259201049805,0.430941641330719,0.6588674783706665
2,303.1083679199219,4.9257988929748535,0.0,3.2287139892578125,3.082686424255371,3.0547940731048584
3,1095.4835205078125,24.557065963745117,0.0,18.643762588500977,9.219178199768066,8.156743049621582
4,3.203841209411621,0.05332021042704582,0.01553503517061472,0.013833572156727314,0.00910540297627449,0.016949202865362167
