,Benzene,Toluene,Ethylbenzene,O-xylene,M-xylene,P-xylene
0,347.94903564453125,5.2131667137146,0.0,4.64193868637085,3.427459955215454,3.1284966468811035
1,53.43872833251953,0.8182843923568726,0.0,0.7482024431228638,0.566662073135376,0.487079918384552
2,177.50006103515625,2.961918354034424,0.0,2.8520286083221436,1.58357572555542,1.3196698427200317
3,789.8594360351562,12.967732429504395,0.0,3.6290547847747803,2.1601383686065674,3.9509224891662598
4,2.293212890625,0.035074152052402496,0.004859694745391607,0.011328187771141529,0.007530712056905031,0.012589853256940842
