,Benzene,Toluene,Ethylbenzene,O-xylene,M-xylene,P-xylene
0,79.52410888671875,1.2070918083190918,0.0,0.8374980092048645,0.6397277116775513,0.5475673675537109
1,12.84525203704834,0.18300217390060425,0.027950532734394073,0.13901560008525848,0.11962265521287918,0.0930584967136383
2,126.0828628540039,1.7851868867874146,0.0,1.4725393056869507,2.7958781719207764,1.2585077285766602
3,2375.6826171875,53.318302154541016,0.0,40.51120376586914,19.997543334960938,17.597999572753906
4,84.9749984741211,1.4057635068893433,0.4039110243320465,0.37467819452285767,0.24434368312358856,0.46198922395706177
