,Benzene,Toluene,Ethylbenzene,O-xylene,M-xylene,P-xylene
0,497.5989990234375,7.542203903198242,0.0,5.250751972198486,4.005321025848389,3.4227895736694336
1,79.59204864501953,1.1291123628616333,0.1726490706205368,0.8588449358940125,0.736575722694397,0.576922595500946
2,383.2341613769531,5.40813684463501,0.0,4.459136962890625,8.5215425491333,3.8326590061187744
3,1116.6773681640625,25.05646514892578,0.0,19.008867263793945,9.378326416015625,8.301130294799805
4,3.2623538970947266,0.05440322682261467,0.01573813334107399,0.014048337936401367,0.009286885149776936,0.016938796266913414
