,Benzene,Toluene,Ethylbenzene,O-xylene,M-xylene,P-xylene
0,81.68395233154297,1.2416800260543823,0.0,1.0920133590698242,0.7951171398162842,0.7402456998825073
1,7.340032577514648,0.12587010860443115,0.0,0.06631176918745041,0.08840084075927734,0.13616716861724854
2,127.12773132324219,2.0708255767822266,0.0,1.352779507637024,1.2945704460144043,1.2790263891220093
3,2966.81640625,66.64289093017578,0.0,50.55815124511719,24.982881546020508,22.088626861572266
4,106.04730224609375,1.7645936012268066,0.49453991651535034,0.4705392122268677,0.3050726056098938,0.5765864849090576
