,Benzene,Toluene,Ethylbenzene,O-xylene,M-xylene,P-xylene
0,84.53692626953125,1.280453085899353,0.0,0.8927470445632935,0.6799048781394958,0.5813814401626587
1,13.65778636932373,0.19454410672187805,0.029262371361255646,0.14756613969802856,0.12789854407310486,0.09949959814548492
2,133.952392578125,1.8931883573532104,0.0,1.5669853687286377,2.9647884368896484,1.3449337482452393
3,2523.130859375,56.6352653503418,0.0,42.985748291015625,21.218629837036133,18.74878692626953
4,89.80522918701172,1.4958910942077637,0.42719465494155884,0.4002233147621155,0.2592731714248657,0.48818129301071167
