,Benzene,Toluene,Ethylbenzene,O-xylene,M-xylene,P-xylene
0,383.3250732421875,5.744940280914307,0.0,5.106289863586426,3.7920596599578857,3.4435675144195557
1,59.330013275146484,0.9004401564598083,0.0,0.8283010125160217,0.6255620718002319,0.53755784034729
2,195.06375122070312,3.2609760761260986,0.0,3.1477324962615967,1.7486692667007446,1.4632349014282227
3,872.7742919921875,14.2911958694458,0.0,3.989680528640747,2.371381998062134,4.349541187286377
4,2.483218193054199,0.03784749284386635,0.004640414845198393,0.012994327582418919,0.008601842448115349,0.01360368262976408
