,Benzene,Toluene,Ethylbenzene,O-xylene,M-xylene,P-xylene
0,240.7545623779297,2.7747817039489746,0.0,1.334625482559204,1.400027871131897,1.2351632118225098
1,23.40865707397461,0.33824360370635986,0.0,0.13012145459651947,0.14218106865882874,0.1295749992132187
2,180.56431579589844,2.924121379852295,0.0,2.718047618865967,1.5859098434448242,1.3763798475265503
3,869.5206909179688,14.254328727722168,0.0,3.9772603511810303,2.362128257751465,4.344982147216797
4,2.519973039627075,0.038096241652965546,0.005135795101523399,0.012294386513531208,0.008312187157571316,0.013191351667046547
