,Benzene,Toluene,Ethylbenzene,O-xylene,M-xylene,P-xylene
0,99.4813003540039,1.51100754737854,0.0,1.0503394603729248,0.7992305755615234,0.6832605600357056
1,16.096208572387695,0.22884242236614227,0.03495863080024719,0.17331746220588684,0.14904528856277466,0.11632101982831955
2,157.30035400390625,2.2282073497772217,0.0,1.8257490396499634,3.5033535957336426,1.5738874673843384
3,2967.267333984375,66.51680755615234,0.0,50.728302001953125,24.963171005249023,22.088104248046875
4,105.66424560546875,1.7526648044586182,0.5026832818984985,0.4659765958786011,0.3060711622238159,0.5736150741577148
