,Benzene,Toluene,Ethylbenzene,O-xylene,M-xylene,P-xylene
0,485.48834228515625,7.3607892990112305,0.0,5.137295246124268,3.90354323387146,3.3389103412628174
1,77.6084976196289,1.1046717166900635,0.17130333185195923,0.8380853533744812,0.7219882607460022,0.5616344213485718
2,373.6912536621094,5.274799823760986,0.0,4.345333576202393,8.26848316192627,3.7379603385925293
3,1089.8768310546875,24.485458374023438,0.0,18.4957275390625,9.188980102539062,8.109162330627441
4,3.1979079246520996,0.05279407650232315,0.01516242790967226,0.013361994177103043,0.009036830626428127,0.016532743349671364
