,Benzene,Toluene,Ethylbenzene,O-xylene,M-xylene,P-xylene
0,38.329383850097656,0.44281333684921265,0.0,0.21308739483356476,0.2240573614835739,0.19813880324363708
1,3.8191537857055664,0.05460594967007637,0.0,0.021024327725172043,0.023022402077913284,0.020963890478014946
2,59.48987579345703,0.959366500377655,0.0,0.8956502079963684,0.5238649249076843,0.452934592962265
3,1860.545166015625,30.364885330200195,0.0,8.491662979125977,5.089827537536621,9.240165710449219
4,64.85430908203125,1.0215915441513062,0.13676124811172485,0.3303408920764923,0.22680659592151642,0.3595984876155853
