,Benzene,Toluene,Ethylbenzene,O-xylene,M-xylene,P-xylene
0,65.33679962158203,0.9955897927284241,0.0,0.8706657886505127,0.635114312171936,0.5899789333343506
1,5.827517986297607,0.10240179300308228,0.0,0.05330333486199379,0.0713261067867279,0.10875502228736877
2,101.93948364257812,1.65215265750885,0.0,1.0849031209945679,1.0355734825134277,1.0188391208648682
3,2373.556884765625,53.31089401245117,0.0,40.45389175415039,20.00872802734375,17.609174728393555
4,84.78401184082031,1.4076783657073975,0.40033888816833496,0.37475287914276123,0.24445806443691254,0.45953261852264404
