,Benzene,Toluene,Ethylbenzene,O-xylene,M-xylene,P-xylene
0,69.50556945800781,1.0580594539642334,0.0,0.9281337857246399,0.6738877892494202,0.6275254487991333
1,6.245682716369629,0.1088557243347168,0.0,0.056482069194316864,0.07543427497148514,0.11553914099931717
2,106.72674560546875,1.7313569784164429,0.0,1.1530226469039917,1.0994611978530884,1.0845556259155273
3,2522.510498046875,56.634788513183594,0.0,43.02337646484375,21.30803680419922,18.744199752807617
4,90.24461364746094,1.4994499683380127,0.42613106966018677,0.39852821826934814,0.2596476078033447,0.4880184531211853
