,Benzene,Toluene,Ethylbenzene,O-xylene,M-xylene,P-xylene
0,41.0162239074707,0.469068318605423,0.0,0.22639347612857819,0.2391991764307022,0.21002314984798431
1,4.030893802642822,0.05817655473947525,0.0,0.02235950157046318,0.02450530417263508,0.022193053737282753
2,63.2006950378418,1.0232473611831665,0.0,0.9489157199859619,0.5528607964515686,0.48075854778289795
3,1967.53369140625,32.29808044433594,0.0,8.998220443725586,5.372765064239502,9.826170921325684
4,68.90250396728516,1.0847275257110596,0.14137819409370422,0.35076019167900085,0.23842249810695648,0.3863595724105835
