,Benzene,Toluene,Ethylbenzene,O-xylene,M-xylene,P-xylene
0,451.46551513671875,6.835181713104248,0.0,4.768850326538086,3.6255390644073486,3.1018967628479004
1,72.16694641113281,1.0241978168487549,0.15848296880722046,0.77813720703125,0.6708139181137085,0.5228946208953857
2,347.1658630371094,4.90334939956665,0.0,4.06685733795166,7.6900954246521,3.4748830795288086
3,1013.138916015625,22.698617935180664,0.0,17.266101837158203,8.526291847229004,7.525477409362793
4,2.9746830463409424,0.04904729127883911,0.014431470073759556,0.01296439953148365,0.008377369493246078,0.016025399789214134
