,Benzene,Toluene,Ethylbenzene,O-xylene,M-xylene,P-xylene
0,64.8704833984375,0.9771401286125183,0.0,0.8697131872177124,0.64240962266922,0.5856755375862122
1,10.15805435180664,0.1538553088903427,0.0,0.14215746521949768,0.10800017416477203,0.0921594575047493
2,68.30056762695312,1.1425856351852417,0.0,1.1027507781982422,0.6149021983146667,0.5080215930938721
3,1966.775146484375,32.3365478515625,0.0,8.993664741516113,5.368572235107422,9.829185485839844
4,69.47384643554688,1.080053687095642,0.14799858629703522,0.3501712381839752,0.23810867965221405,0.3874993622303009
