,Benzene,Toluene,Ethylbenzene,O-xylene,M-xylene,P-xylene
0,48.07239532470703,0.55317223072052,0.0,0.26605743169784546,0.28005221486091614,0.24681390821933746
1,4.711029052734375,0.06859757751226425,0.0,0.026374706998467445,0.028754908591508865,0.026141591370105743
2,74.48003387451172,1.2012611627578735,0.0,1.1173754930496216,0.6541826725006104,0.5666481852531433
3,2328.52294921875,37.934165954589844,0.0,10.612554550170898,6.3213300704956055,11.578900337219238
4,81.8967514038086,1.2799800634384155,0.17086969316005707,0.4119589030742645,0.28173989057540894,0.4552324414253235
