,Benzene,Toluene,Ethylbenzene,O-xylene,M-xylene,P-xylene
0,399.355712890625,6.080926895141602,0.0,5.345232009887695,3.8607378005981445,3.6013927459716797
1,35.46393966674805,0.6181162595748901,0.0,0.32061338424682617,0.43135133385658264,0.6543053984642029
2,300.16937255859375,4.905847072601318,0.0,3.219174861907959,3.065838098526001,3.04375958442688
3,1089.3905029296875,24.450733184814453,0.0,18.55217170715332,9.158772468566895,8.078337669372559
4,3.1417958736419678,0.05219051614403725,0.015199380926787853,0.013471409678459167,0.009137176908552647,0.01761464588344097
