,Benzene,Toluene,Ethylbenzene,O-xylene,M-xylene,P-xylene
0,371.7148742675781,5.6322126388549805,0.0,4.9541544914245605,3.590268611907959,3.350569009780884
1,32.889076232910156,0.5741424560546875,0.0,0.2981564998626709,0.3985179364681244,0.6103156805038452
2,278.91412353515625,4.580877780914307,0.0,2.9733991622924805,2.851184606552124,2.832679271697998
3,1012.0601806640625,22.657915115356445,0.0,17.293210983276367,8.546661376953125,7.524405479431152
4,2.944465160369873,0.04796134680509567,0.01382371038198471,0.013010632246732712,0.008459738455712795,0.016098039224743843
