,Benzene,Toluene,Ethylbenzene,O-xylene,M-xylene,P-xylene
0,76.4640884399414,1.1480361223220825,0.0,1.0214369297027588,0.7580287456512451,0.6888571977615356
1,12.060837745666504,0.18237833678722382,0.0,0.16711364686489105,0.12641920149326324,0.10841574519872665
2,80.15257263183594,1.344357967376709,0.0,1.2944475412368774,0.7182745337486267,0.6009615063667297
3,2315.30322265625,38.02660369873047,0.0,10.60468864440918,6.331118106842041,11.564696311950684
4,81.87120056152344,1.2741559743881226,0.17031964659690857,0.4123479127883911,0.28072279691696167,0.45584142208099365
