,Benzene,Toluene,Ethylbenzene,O-xylene,M-xylene,P-xylene
0,234.34584045410156,2.7035160064697266,0.0,1.3052434921264648,1.3648152351379395,1.212520956993103
1,22.908504486083984,0.32940974831581116,0.0,0.1265774816274643,0.13892808556556702,0.1263442039489746
2,176.96653747558594,2.8498001098632812,0.0,2.6422877311706543,1.5435467958450317,1.3415114879608154
3,851.426025390625,13.974786758422852,0.0,3.896454334259033,2.289506673812866,4.226200580596924
4,2.470522880554199,0.03807200863957405,0.004868828225880861,0.012470832094550133,0.008832144550979137,0.013516283594071865
