,Benzene,Toluene,Ethylbenzene,O-xylene,M-xylene,P-xylene
0,409.49407958984375,6.226386070251465,0.0,5.469387054443359,3.9683172702789307,3.693507432937622
1,36.2935676574707,0.6307246088981628,0.0,0.32828840613365173,0.4423908591270447,0.6724464893341064
2,308.6506042480469,5.018635272979736,0.0,3.27974271774292,3.144357681274414,3.123373508453369
3,1117.20556640625,25.049476623535156,0.0,18.985553741455078,9.384010314941406,8.302082061767578
4,3.2057485580444336,0.05391915515065193,0.015418753027915955,0.01420731469988823,0.00931860227137804,0.017604254186153412
