,Benzene,Toluene,Ethylbenzene,O-xylene,M-xylene,P-xylene
0,374.13629150390625,5.6086812019348145,0.0,4.996218204498291,3.6996045112609863,3.3628408908843994
1,57.64933395385742,0.8804824948310852,0.0,0.8079675436019897,0.6106795072555542,0.5276485085487366
2,190.67271423339844,3.1831464767456055,0.0,3.07709002494812,1.7097628116607666,1.429186463356018
3,852.5140380859375,13.964996337890625,0.0,3.923394203186035,2.3226478099823,4.22629976272583
4,2.407914876937866,0.03667054697871208,0.005678531248122454,0.012365843169391155,0.008507682941854,0.014050120487809181
