,Benzene,Toluene,Ethylbenzene,O-xylene,M-xylene,P-xylene
0,0.024890633447252227,0.017335094282973595,0.0,0.02033974864768442,0.02887982639515518,0.02977836873003841
1,0.0022315495472541233,0.0017853898871874278,0.0,0.0012427439352100925,0.003248962733513848,0.005453438037201667
2,0.03864617329658146,0.028833926773983578,0.0,0.025225866453285405,0.04701720583289061,0.05184451197234831
3,0.9018867529463258,0.9274554373962917,0.0,0.9445053184580066,0.9097256459704837,0.8897880973621694
4,0.0323448907625864,0.024590151659563735,1.0,0.008686322505813499,0.011128359067956665,0.023135583898242242
