,Benzene,Toluene,Ethylbenzene,O-xylene,M-xylene,P-xylene
0,0.18285672944967304,0.13584587792851702,0.0,0.1633407980595905,0.2540922176092069,0.17453958212931242
1,0.01780172489101183,0.016701642833823572,0.0,0.015860352416755336,0.025951246304115744,0.01829530977806465
2,0.1367630557839692,0.1435670143746547,0.0,0.3319493133912997,0.288084770061507,0.19399451149995015
3,0.660703229566396,0.7019190330631008,0.0,0.4873388110742246,0.4302729931798756,0.6112590386660784
4,0.0018752603089498955,0.0019664317999039554,1.0,0.0015107250581298931,0.001598772845294751,0.001911557926594319
