,Benzene,Toluene,Ethylbenzene,O-xylene,M-xylene,P-xylene
0,0.029863822903821904,0.027399364383521276,0.0,0.07577777526701251,0.09185451863345062,0.05129631234534112
1,0.004686258696599388,0.004335042343210614,0.0,0.012375267384701835,0.01544668785387344,0.008133536997672877
2,0.0313326934091219,0.03198841483330285,0.0,0.09569639278412614,0.08714566989803321,0.04476576230644491
3,0.9025667559400185,0.9058914506505044,0.0,0.7855569156636398,0.7715519774763826,0.862102103033038
4,0.03155046905043835,0.030385727789460908,1.0,0.03059364890051966,0.034001146138260094,0.03370228531750308
