,Benzene,Toluene,Ethylbenzene,O-xylene,M-xylene,P-xylene
0,0.23925571992872052,0.19279190251057482,0.0,0.1771104504597724,0.17640616033981713,0.21182820931212526
1,0.03828860290280151,0.028819376477406764,0.9192189253002147,0.028937585245787826,0.03239718961861013,0.035646050393086465
2,0.18365407004267392,0.13834868686114457,0.0,0.15007449216764956,0.37624176521124836,0.23740942284039687
3,0.5372087423932477,0.6386799360011898,0.0,0.6433680932917016,0.41454674426935584,0.5140072188824392
4,0.0015928647325563663,0.0013600981496841322,0.08078107469978535,0.0005093788350885882,0.0004081405609685462,0.0011090985719522347
