,Benzene,Toluene,Ethylbenzene,O-xylene,M-xylene,P-xylene
0,0.18224196727422168,0.1364649844465391,0.0,0.16292546790632453,0.254896089375193,0.1731782937247062
1,0.017796586168218418,0.01666207999185889,0.0,0.015862168155943154,0.025910576809359463,0.018190435491266428
2,0.137294897216541,0.14341307941284326,0.0,0.33183582975267684,0.2887687724253569,0.1926078806576674
3,0.6608303311917937,0.701524863176763,0.0,0.4878502702398136,0.42888711547771835,0.6140361629133745
4,0.0018362181492252675,0.0019349929719957224,1.0,0.0015262639452418882,0.0015374459123722857,0.0019872272129854555
