,Benzene,Toluene,Ethylbenzene,O-xylene,M-xylene,P-xylene
0,0.024818565407268716,0.017324910680142736,0.0,0.020349714544981856,0.028833136189252043,0.029885455943691
1,0.002241215364986085,0.0017877780081167736,0.0,0.0012357282143211244,0.0032188680368168496,0.0054575860229566986
2,0.03894393253382943,0.028944049357781682,0.0,0.025292443980139037,0.04695483179700647,0.051805281178334564
3,0.9018409990051701,0.9274631403408246,0.0,0.9443130778798183,0.9099036924371192,0.8896888113220139
4,0.0321552876887456,0.02448012161313425,1.0,0.008809035380739658,0.011089471539805428,0.02316286553300382
