,Benzene,Toluene,Ethylbenzene,O-xylene,M-xylene,P-xylene
0,0.02974025894963088,0.02085468825076925,0.0,0.019455977803051458,0.02685472304959341,0.02739983199231777
1,0.004809593765353796,0.0031565194009569226,0.06665786758967628,0.0032231312687182956,0.005067171149883524,0.004655774699060523
2,0.04702441219301308,0.030731419301828447,0.0,0.034024909217186795,0.1169578516851825,0.0629470492668431
3,0.886907557148396,0.9210109216165047,0.0,0.9346498097582668,0.8408312892835177,0.8819962918674594
4,0.03151817794360625,0.024246451429940735,0.9333421324103237,0.008646171952776567,0.010288964831822846,0.02300105217431915
