,Benzene,Toluene,Ethylbenzene,O-xylene,M-xylene,P-xylene
0,0.02975899012182983,0.020850762550852248,0.0,0.019494372843449303,0.026872104425032756,0.027328684523677402
1,0.004811983176991137,0.0031540615227925186,0.06745366258419987,0.0032100942056509365,0.005053297753149845,0.0046601768480101745
2,0.04715772444599886,0.03075701840787025,0.0,0.033923942048785516,0.11741675136825895,0.0629170843660868
3,0.8865875034141871,0.9209683915455446,0.0,0.9346560961096827,0.8404184620269884,0.8821677329489455
4,0.031683798840993004,0.02426976597294045,0.9325463374158002,0.008715494792431588,0.010239384426570039,0.022926321313280214
