,Benzene,Toluene,Ethylbenzene,O-xylene,M-xylene,P-xylene
0,0.019028693250045914,0.013509574674929027,0.0,0.02139488952406971,0.03703040756553303,0.019249584928958972
1,0.0018749385059657247,0.001658488375943766,0.0,0.002113668863770642,0.003797239323332213,0.0020495437559995724
2,0.029381923863029225,0.02928434845346358,0.0,0.08958776594291779,0.0865863886375939,0.04407175596388846
3,0.9176772434136468,0.9242327201193817,0.0,0.8537874937214365,0.8349607034756853,0.8992180984515563
4,0.032037200967312406,0.03131486837628194,1.0,0.0331161819478054,0.03762526099785558,0.03541101689959668
