,Benzene,Toluene,Ethylbenzene,O-xylene,M-xylene,P-xylene
0,0.21836445145860506,0.16856012228476777,0.0,0.1942209576464564,0.23374190795271627,0.23400452988740078
1,0.019400352374301384,0.017110841912182262,0.0,0.011653426021021311,0.026007707862199463,0.04243986334213633
2,0.16474058403469022,0.13565422506066258,0.0,0.11665600120372945,0.1855028672184061,0.1965167514932599
3,0.5957699175335188,0.6772238965134532,0.0,0.6769664341601376,0.5542000055207408,0.5259300194502933
4,0.0017246945988844847,0.0014509142289342459,1.0,0.0005031809686553194,0.0005475114459374445,0.0011088358269097103
