,Benzene,Toluene,Ethylbenzene,O-xylene,M-xylene,P-xylene
0,0.21813326329298802,0.1682606295887702,0.0,0.19408598851187642,0.23393431059778985,0.23412067318658417
1,0.019362068780473606,0.017154740434929098,0.0,0.011627864608678625,0.025891966374814706,0.04257369003822672
2,0.16599754337702066,0.13580979511470653,0.0,0.11667348732855146,0.18511481961979093,0.19705456596805707
3,0.5947842718664504,0.6773306325345878,0.0,0.6771019331253436,0.5545085077918865,0.5251205768970663
4,0.0017228526830672473,0.0014442023270063594,1.0,0.0005107264255499094,0.00055039561571794,0.001130493910065781
