,Benzene,Toluene,Ethylbenzene,O-xylene,M-xylene,P-xylene
0,0.029800663001351452,0.02735012672615761,0.0,0.07566180045404958,0.09227864101304824,0.051335337417519014
1,0.004700519793090758,0.004344872540375533,0.0,0.012378756861590437,0.015389643438561978,0.008079408735560678
2,0.031238191083240465,0.032027181077458514,0.0,0.0958847567727952,0.087439161415521,0.04478513370336624
3,0.9023526271226776,0.9059230889199059,0.0,0.785530474528765,0.7707187601316616,0.8618296930543822
4,0.031907998999639746,0.03035473073610244,1.0,0.030544211382799804,0.034173794001207215,0.033970427089171897
