,Benzene,Toluene,Ethylbenzene,O-xylene,M-xylene,P-xylene
0,0.02987438988303649,0.02738959909304242,0.0,0.07554562671978178,0.09263011803512314,0.0513678316917415
1,0.004633704047788599,0.004318884131730164,0.0,0.01224726694139092,0.01542853540109197,0.008133302251379392
2,0.031447160146010275,0.03189327856232599,0.0,0.09528437086022194,0.08803313271330028,0.04525464830534174
3,0.9024780911097314,0.9060890243035226,0.0,0.7864257451879602,0.7695408901482409,0.8611123284586353
4,0.03156665481343319,0.030309213909378838,1.0,0.03049699029064516,0.0343673237022437,0.03413188929290208
