,Benzene,Toluene,Ethylbenzene,O-xylene,M-xylene,P-xylene
0,0.21841436609930565,0.16837562417147559,0.0,0.19479830964385866,0.23414118764581227,0.23363300786006067
1,0.019358122543135618,0.01705622627721974,0.0,0.011692357105822044,0.02610222774661784,0.04253563821939079
2,0.16462686381333658,0.13571529889774717,0.0,0.1168116886085141,0.18552539823134528,0.19756915633712635
3,0.5958907777949931,0.6773947542071026,0.0,0.6761916353101255,0.5536813642590868,0.5251486395545507
4,0.00170986974922898,0.0014580964464548521,1.0,0.0005060093316797156,0.0005498221171378406,0.0011135580288714549
