,Benzene,Toluene,Ethylbenzene,O-xylene,M-xylene,P-xylene
0,0.2391729798196097,0.1922955900415413,0.0,0.17819390301749025,0.17669462484789245,0.21180334581893714
1,0.03823337044024684,0.028858793661116315,0.9186851895540761,0.02907010265611253,0.03268093555878829,0.035627206905987044
2,0.18409680086282273,0.1378005405748253,0.0,0.15072366152998853,0.3742744585689369,0.23711703080740687
3,0.5369214183243899,0.6396658665535933,0.0,0.6415488542964507,0.4159409271721039,0.5144036640307581
4,0.0015754305529308522,0.0013792091689238028,0.08131481044592397,0.00046347849995798617,0.0004090538522784663,0.0010487524369108378
