,Benzene,Toluene,Ethylbenzene,O-xylene,M-xylene,P-xylene
0,0.2533582721027609,0.2370474723073686,0.0,0.3902400118351222,0.4437090699057486,0.351115545711162
1,0.0392141049373199,0.03715392199322897,0.0,0.06330157620552108,0.07319704591617018,0.05481086509107317
2,0.12892716498076714,0.13455425092381798,0.0,0.2405604067553212,0.20461186887264635,0.14919542560651328
3,0.5768591777327935,0.5896826931963309,0.0,0.30490493456272433,0.2774755133370108,0.44349109496831035
4,0.001641280246358564,0.0015616615792535102,1.0,0.0009930706413111925,0.001006501968424051,0.001387068622941225
