,Benzene,Toluene,Ethylbenzene,O-xylene,M-xylene,P-xylene
0,0.25378465644061565,0.23700331838772354,0.0,0.3906516385425334,0.44251744667763815,0.3515655086994411
1,0.03897676935752996,0.0372012112835872,0.0,0.06296647373341076,0.0731614247896182,0.05473571450199965
2,0.12946376449801622,0.13465605787225424,0.0,0.24001817436375672,0.20445458031600025,0.14829819301027736
3,0.5761022019769209,0.5895448556577456,0.0,0.30541036705102814,0.2788942621755848,0.4439857962195817
4,0.0016726077269172736,0.001594556798689416,1.0,0.0009533463092710008,0.0009722860411586153,0.001414787568700225
