,Benzene,Toluene,Ethylbenzene,O-xylene,M-xylene,P-xylene
0,0.2532430501233976,0.23691334954425333,0.0,0.389810738995866,0.4430026202367267,0.3517606521395049
1,0.0390213232439248,0.03719199746877278,0.0,0.06303856484342506,0.07312474104073205,0.05519320999416296
2,0.12906136299602639,0.1344576143203931,0.0,0.2400781325967495,0.20473253377314857,0.14949608937544806
3,0.577044409164576,0.5898880573995854,0.0,0.3061077661378127,0.2781213674535569,0.442080374573564
4,0.0016298544720751429,0.0015489812669954547,1.0,0.0009647974261467221,0.0010187374958357403,0.0014696739173201256
