,Benzene,Toluene,Ethylbenzene,O-xylene,M-xylene,P-xylene
0,0.018909061378202596,0.013482623252643083,0.0,0.021412018638534636,0.03680566084442715,0.01928958649929401
1,0.0018841057719355269,0.0016626225668653065,0.0,0.002112622839401923,0.003781865130844328,0.002040916630752798
2,0.029348181467239054,0.029210450565546442,0.0,0.0899991243602405,0.08605472557016194,0.04409495195509468
3,0.91786403034021,0.9245392470105452,0.0,0.8532820353978054,0.8361004738375112,0.8995662274206481
4,0.031994621042412776,0.031105056604399887,1.0,0.03319419876401744,0.037257274617055414,0.035008317494210434
