,Benzene,Toluene,Ethylbenzene,O-xylene,M-xylene,P-xylene
0,0.2391883229634906,0.19245067703277816,0.0,0.17744032744914126,0.17682714780562758,0.21193165741739495
1,0.038258695604277325,0.02881100026832431,0.916458586304614,0.02902321942837135,0.0325183882506224,0.03572178751701119
2,0.18421487290362415,0.13799674612278423,0.0,0.15068903026181105,0.37620956076757084,0.2373098778057994
3,0.5367699442857318,0.6393533964142988,0.0,0.6423726829192833,0.4140349052253443,0.5139878639774593
4,0.001568164242876103,0.0013881801618145398,0.08354141369538601,0.0004747399413931073,0.0004099979508348289,0.0010488132823350841
