,Benzene,Toluene,Ethylbenzene,O-xylene,M-xylene,P-xylene
0,0.018943418983017418,0.013479782755732507,0.0,0.02139702118670486,0.0370142747816558,0.019171893794731467
1,0.0018564291748792486,0.0016715959172976295,0.0,0.0021211215970852767,0.003800513016674746,0.002030614145648333
2,0.029349619007419496,0.029272509731342322,0.0,0.0898622036066251,0.08646279483760241,0.044015829193046384
3,0.9175782804388684,0.9243853680466518,0.0,0.8534888618069248,0.8354850838479192,0.8994203330213912
4,0.03227225239581549,0.03119074354897569,1.0,0.033130791802659924,0.03723733351614783,0.035361329845182594
